id,code,title_en,title_ko,released_on,country,fscreen,preview,ani,naver,youtube,fweek,expectation,percent_error,URL,created_at,updated_at
13,20149629,Begin Again,비긴 어게인,2014-08-13,미국,185,9215,0,1276,94057,133628,131589.7320858,1.52532995644627,http://movie.naver.com/movie/bi/mi/photoViewPopup.nhn?movieCode=96379,2016-12-21 16:05:32 UTC,2016-12-21 16:05:32 UTC
154,20150020,Son of Saul,사울의 아들,2016-02-25,헝가리,47,3007,0,381,6111,11292,11492.8755834,1.77891944208289,http://movie.naver.com/movie/bi/mi/photoViewPopup.nhn?movieCode=139437,2016-12-21 16:05:33 UTC,2016-12-21 16:05:33 UTC
107,20147684,Night Train to Lisbon,리스본행 야간열차,2014-06-05,독일,52,4584,0,431,3097,19679,19301.9311698,1.91609751613394,http://movie.naver.com/movie/bi/mi/photoViewPopup.nhn?movieCode=103178,2016-12-21 16:05:33 UTC,2016-12-21 16:05:33 UTC
33,20166721,Foosball,장난감이 살아있다,2016-09-07,아르헨티나,212,1390,1,976,7075,67462,66008.048237,2.15521591859121,http://movie.naver.com/movie/bi/mi/photoViewPopup.nhn?movieCode=93929,2016-12-21 16:05:32 UTC,2016-12-21 16:05:32 UTC
247,20149860,Brave Rabbit,브레이브 래빗 : 새로운 영웅의 탄생,2014-08-28,중국,38,415,1,40,70,4829,4935.134048,2.19784733899358,http://movie.naver.com/movie/bi/mi/photoViewPopup.nhn?movieCode=126345,2016-12-21 16:05:33 UTC,2016-12-21 16:05:33 UTC
115,20136736,The Tibetan Dog,초원의 왕 도제,2014-03-27,일본,79,844,1,85,2132,18405,18810.6589668,2.20406936593318,http://movie.naver.com/movie/bi/mi/photoViewPopup.nhn?movieCode=91041,2016-12-21 16:05:33 UTC,2016-12-21 16:05:33 UTC
35,20168401,Cafe Society,카페 소사이어티,2016-09-14,미국,199,4440,0,824,7196,64066,61365.0860744,4.21583043361532,http://movie.naver.com/movie/bi/mi/photoViewPopup.nhn?movieCode=136870,2016-12-21 16:05:32 UTC,2016-12-21 16:05:32 UTC
89,20156102,Our Little Sister,바닷마을 다이어리,2015-12-17,일본,66,2152,0,969,16531,24602,23321.8134774,5.20358719860174,http://movie.naver.com/movie/bi/mi/photoViewPopup.nhn?movieCode=132610,2016-12-21 16:05:33 UTC,2016-12-21 16:05:33 UTC
57,20168361,OCTONAUTS Season4,바다 탐험대 옥토넛 시즌4: 늪지탐험선K,2016-09-28,영국,87,264,1,495,33859,40949,38809.3497086,5.22515883513639,http://movie.naver.com/movie/bi/mi/photoViewPopup.nhn?movieCode=149505,2016-12-21 16:05:32 UTC,2016-12-21 16:05:32 UTC
22,20163202,Criminal,크리미널,2016-06-22,영국,351,3546,0,792,542,86108,91198.7075788,5.91200304129699,http://movie.naver.com/movie/bi/mi/photoViewPopup.nhn?movieCode=127395,2016-12-21 16:05:32 UTC,2016-12-21 16:05:32 UTC
158,20155057,Only You,온리 유,2015-10-15,중국,111,444,0,309,1123,11030,11687.0149142,5.95661753581143,http://movie.naver.com/movie/bi/mi/photoViewPopup.nhn?movieCode=134830,2016-12-21 16:05:33 UTC,2016-12-21 16:05:33 UTC
223,20156401,Comet,코멧,2015-03-25,미국,82,784,0,303,457,6091,5674.5991378,6.83633003119354,http://movie.naver.com/movie/bi/mi/photoViewPopup.nhn?movieCode=118961,2016-12-21 16:05:33 UTC,2016-12-21 16:05:33 UTC
84,20143565,Boonie Bears: To the Rescue,부니 베어: 롤라 구출 대모험,2014-11-20,중국,112,438,1,88,1156,26436,24601.8984624,6.93789354516568,http://movie.naver.com/movie/bi/mi/photoViewPopup.nhn?movieCode=126156,2016-12-21 16:05:33 UTC,2016-12-21 16:05:33 UTC
155,20148997,Tokyo Family,동경가족,2014-07-31,일본,42,1238,0,314,23996,11270,10478.7223704,7.02109697959183,http://movie.naver.com/movie/bi/mi/photoViewPopup.nhn?movieCode=99769,2016-12-21 16:05:33 UTC,2016-12-21 16:05:33 UTC
179,20148976,"Shimajiro’s Wow!, The Voyage of Shimajiro and Koo-The song of Kujira",호비와 쿠우의 어드벤처 : 고래의 노래,2014-06-12,일본,40,432,1,91,4278,8871,8246.7160312,7.03735733062787,http://movie.naver.com/movie/bi/mi/photoViewPopup.nhn?movieCode=122516,2016-12-21 16:05:33 UTC,2016-12-21 16:05:33 UTC
47,20150456,The Dressmaker,드레스메이커,2016-02-11,호주,173,2296,0,1191,3796,49839,46184.3914604,7.33282878789702,http://movie.naver.com/movie/bi/mi/photoViewPopup.nhn?movieCode=114237,2016-12-21 16:05:32 UTC,2016-12-21 16:05:32 UTC
98,20149248,Sunshine on Leith,선샤인 온 리스,2014-09-03,영국,142,1244,0,291,1477,21742,23348.1041018,7.38710377058228,http://movie.naver.com/movie/bi/mi/photoViewPopup.nhn?movieCode=106557,2016-12-21 16:05:33 UTC,2016-12-21 16:05:33 UTC
31,20142843,Hector and the Search for Happiness,꾸뻬씨의 행복여행,2014-11-27,영국,227,4836,0,1329,2571,67588,72740.8233014,7.62387302686868,http://movie.naver.com/movie/bi/mi/photoViewPopup.nhn?movieCode=101953,2016-12-21 16:05:32 UTC,2016-12-21 16:05:32 UTC
26,20149910,Boyhood,보이후드,2014-10-23,미국,206,2053,0,1029,35997,74661,68779.4359638,7.87769255193474,http://movie.naver.com/movie/bi/mi/photoViewPopup.nhn?movieCode=118348,2016-12-21 16:05:32 UTC,2016-12-21 16:05:32 UTC
65,20150522,Rudderless,러덜리스,2015-07-09,미국,117,3471,0,351,5618,33444,30709.7809852,8.17551433680183,http://movie.naver.com/movie/bi/mi/photoViewPopup.nhn?movieCode=109626,2016-12-21 16:05:32 UTC,2016-12-21 16:05:32 UTC
185,20149286,Robosoccer,로보싸커,2014-07-03,말레이지아,52,135,1,28,1343,8327,7634.5007822,8.31631100996757,http://movie.naver.com/movie/bi/mi/photoViewPopup.nhn?movieCode=123094,2016-12-21 16:05:33 UTC,2016-12-21 16:05:33 UTC
69,20161781,Ip Man 3,엽문3: 최후의 대결,2016-03-10,홍콩,115,417,0,1574,18295,31278,33944.201235,8.52420626318819,http://movie.naver.com/movie/bi/mi/photoViewPopup.nhn?movieCode=112082,2016-12-21 16:05:33 UTC,2016-12-21 16:05:33 UTC
18,20162542,Walking with Dinosaurs : Prehistoric Planet,다이노소어 어드벤처 : 백악기 공룡대백과,2016-05-04,영국,216,488,0,342,86932,92052,84039.5521888,8.70426260287663,http://movie.naver.com/movie/bi/mi/photoViewPopup.nhn?movieCode=148608,2016-12-21 16:05:32 UTC,2016-12-21 16:05:32 UTC
15,20166901,Florence Foster Jenkins,플로렌스,2016-08-24,영국,382,2245,0,756,9125,106214,96830.767977,8.83427045681359,http://movie.naver.com/movie/bi/mi/photoViewPopup.nhn?movieCode=136845,2016-12-21 16:05:32 UTC,2016-12-21 16:05:32 UTC
91,20148347,Blackie & Kanuto,마이 블랭키,2014-06-04,스페인,101,608,1,60,375,24361,21990.940261,9.72890989286153,http://movie.naver.com/movie/bi/mi/photoViewPopup.nhn?movieCode=122056,2016-12-21 16:05:33 UTC,2016-12-21 16:05:33 UTC
5,20167154,Rock Dog,드림 쏭,2016-09-14,미국,367,8093,1,1904,10669,164314,148309.5855386,9.74014050013997,http://movie.naver.com/movie/bi/mi/photoViewPopup.nhn?movieCode=133447,2016-12-21 16:05:32 UTC,2016-12-21 16:05:32 UTC
66,20163961,Demolition,데몰리션,2016-07-13,미국,168,1693,0,581,1634,31786,34933.9974236,9.90372309696092,http://movie.naver.com/movie/bi/mi/photoViewPopup.nhn?movieCode=133424,2016-12-21 16:05:32 UTC,2016-12-21 16:05:32 UTC
77,20159221,The Jungle Bunch 2 - The Treasure Quest,정글번치: 너구리 해적단과 보물지도,2015-06-25,프랑스,131,842,1,121,2611,29400,32413.3742334,10.249572222449,http://movie.naver.com/movie/bi/mi/photoViewPopup.nhn?movieCode=138210,2016-12-21 16:05:33 UTC,2016-12-21 16:05:33 UTC
113,20141621,Mommy,마미,2014-12-18,캐나다,84,1401,0,779,13867,18914,20913.4096178,10.5710564544782,http://movie.naver.com/movie/bi/mi/photoViewPopup.nhn?movieCode=124225,2016-12-21 16:05:33 UTC,2016-12-21 16:05:33 UTC
74,20150255,COCONUT THE LITTLE DRAGON,리틀드래곤 코코넛,2015-07-02,독일,119,1622,1,214,816,29976,33155.8783264,10.6080808860422,http://movie.naver.com/movie/bi/mi/photoViewPopup.nhn?movieCode=139698,2016-12-21 16:05:33 UTC,2016-12-21 16:05:33 UTC
166,20142964,Clouds of Sils Maria,클라우즈 오브 실스마리아,2014-12-18,프랑스,53,2114,0,567,3590,10208,9115.170968,10.7056135579937,http://movie.naver.com/movie/bi/mi/photoViewPopup.nhn?movieCode=109640,2016-12-21 16:05:33 UTC,2016-12-21 16:05:33 UTC
133,20142341,The Salvation,웨스턴 리벤지,2014-10-30,덴마크,114,135,0,409,1966,13878,12351.7014524,10.9979719527309,http://movie.naver.com/movie/bi/mi/photoViewPopup.nhn?movieCode=110653,2016-12-21 16:05:33 UTC,2016-12-21 16:05:33 UTC
127,20143942,HAUTE CUISINE,엘리제궁의 요리사,2015-03-19,프랑스,112,996,0,392,3171,14877,16515.3702874,11.0127733239228,http://movie.naver.com/movie/bi/mi/photoViewPopup.nhn?movieCode=99148,2016-12-21 16:05:33 UTC,2016-12-21 16:05:33 UTC
238,20156942,Laurel,로렐,2016-07-07,미국,62,1066,0,564,2190,4949,5495.293206,11.0384563750253,http://movie.naver.com/movie/bi/mi/photoViewPopup.nhn?movieCode=81628,2016-12-21 16:05:33 UTC,2016-12-21 16:05:33 UTC
100,20136805,Paganini: The Devil’s Violinist,파가니니: 악마의 바이올리니스트,2014-04-23,독일,71,186,0,333,35165,21225,18728.292249,11.7630518303887,http://movie.naver.com/movie/bi/mi/photoViewPopup.nhn?movieCode=118652,2016-12-21 16:05:33 UTC,2016-12-21 16:05:33 UTC
34,20144507,Big Eyes,빅 아이즈,2015-01-28,미국,272,2443,0,1261,4687,64773,72818.7010538,12.4213809053155,http://movie.naver.com/movie/bi/mi/photoViewPopup.nhn?movieCode=81464,2016-12-21 16:05:32 UTC,2016-12-21 16:05:32 UTC
101,20149462,Kikoriki: Team Invincible,천하무적 키코리키,2014-07-17,러시아,110,143,1,31,4035,20932,23641.486417,12.9442309239442,http://movie.naver.com/movie/bi/mi/photoViewPopup.nhn?movieCode=126317,2016-12-21 16:05:33 UTC,2016-12-21 16:05:33 UTC
190,20161788,Hana's Miso Soup,하나와 미소시루,2016-04-27,일본,74,1119,0,686,660,8079,9126.637454,12.9674149523456,http://movie.naver.com/movie/bi/mi/photoViewPopup.nhn?movieCode=144840,2016-12-21 16:05:33 UTC,2016-12-21 16:05:33 UTC
30,20155020,The Danish Girl,대니쉬 걸,2016-02-17,미국,201,2120,0,3482,9081,67777,77364.4459094,14.1455743237381,http://movie.naver.com/movie/bi/mi/photoViewPopup.nhn?movieCode=51787,2016-12-21 16:05:32 UTC,2016-12-21 16:05:32 UTC
46,20161561,OCTONAUTS Season4: GUP-S,바다 탐험대 옥토넛 시즌4: 빙하탐험선S,2016-02-25,영국,108,359,1,348,33859,50300,43099.0647046,14.3159747423459,http://movie.naver.com/movie/bi/mi/photoViewPopup.nhn?movieCode=147355,2016-12-21 16:05:32 UTC,2016-12-21 16:05:32 UTC
54,20140609,Chef,아메리칸 셰프,2015-01-07,미국,81,1961,0,1802,22692,43901,37496.8732388,14.5876557736726,http://movie.naver.com/movie/bi/mi/photoViewPopup.nhn?movieCode=109920,2016-12-21 16:05:32 UTC,2016-12-21 16:05:32 UTC
53,20141961,Before I go to sleep,내가 잠들기 전에,2014-10-30,영국,190,2546,0,974,6249,44348,50850.6175566,14.6627075777938,http://movie.naver.com/movie/bi/mi/photoViewPopup.nhn?movieCode=103683,2016-12-21 16:05:32 UTC,2016-12-21 16:05:32 UTC
16,20140247,Very Good Girls,베리 굿 걸,2014-09-25,미국,338,1326,0,1435,565,98735,83395.115293,15.5364204253811,http://movie.naver.com/movie/bi/mi/photoViewPopup.nhn?movieCode=95557,2016-12-21 16:05:32 UTC,2016-12-21 16:05:32 UTC
80,20141441,The Angriest Man in Brooklyn,앵그리스트 맨,2014-10-30,미국,159,1335,0,549,2173,26757,30916.2386462,15.5444879702508,http://movie.naver.com/movie/bi/mi/photoViewPopup.nhn?movieCode=108798,2016-12-21 16:05:33 UTC,2016-12-21 16:05:33 UTC
252,20140424,The Quiet Ones,콰이어트 원,2014-09-18,영국,65,1128,0,305,4650,4601,5340.636476,16.0755591393176,http://movie.naver.com/movie/bi/mi/photoViewPopup.nhn?movieCode=110638,2016-12-21 16:05:33 UTC,2016-12-21 16:05:33 UTC
1,20145141,Whiplash,위플래쉬,2015-03-12,미국,326,32040,0,3127,130407,377109,315174.5676278,16.4234829643949,http://movie.naver.com/movie/bi/mi/photoViewPopup.nhn?movieCode=119632,2016-12-21 16:05:32 UTC,2016-12-21 16:05:32 UTC
132,20166543,Truth,트루스,2016-08-24,미국,123,820,0,331,250,13927,16268.555952,16.8130677963668,http://movie.naver.com/movie/bi/mi/photoViewPopup.nhn?movieCode=127359,2016-12-21 16:05:33 UTC,2016-12-21 16:05:33 UTC
28,20151002,Woman in Gold,우먼 인 골드,2015-07-09,미국,252,7225,0,540,1331,70006,82306.3179854,17.5703768039882,http://movie.naver.com/movie/bi/mi/photoViewPopup.nhn?movieCode=127321,2016-12-21 16:05:32 UTC,2016-12-21 16:05:32 UTC
215,20156643,A Most Violent Year,모스트 바이어런트,2015-04-02,미국,64,1434,0,125,5641,6532,5359.1246274,17.9558385272505,http://movie.naver.com/movie/bi/mi/photoViewPopup.nhn?movieCode=118949,2016-12-21 16:05:33 UTC,2016-12-21 16:05:33 UTC
3,20163018,Sing Street,싱 스트리트,2016-05-19,아일랜드,465,11405,0,1449,41809,227594,186236.8248286,18.1714698855857,http://movie.naver.com/movie/bi/mi/photoViewPopup.nhn?movieCode=146560,2016-12-21 16:05:32 UTC,2016-12-21 16:05:32 UTC
116,20162063,High-Rise,하이-라이즈,2016-03-30,영국,82,729,0,1102,16696,18168,21778.6947084,19.8739250792603,http://movie.naver.com/movie/bi/mi/photoViewPopup.nhn?movieCode=125475,2016-12-21 16:05:33 UTC,2016-12-21 16:05:33 UTC
12,20155881,Legends of Oz: Dorothy's Return,오즈의 마법사: 돌아온 도로시,2015-02-12,미국,256,3208,1,2669,20866,137666,109606.6293784,20.3822081135502,http://movie.naver.com/movie/bi/mi/photoViewPopup.nhn?movieCode=88477,2016-12-21 16:05:32 UTC,2016-12-21 16:05:32 UTC
42,20162925,The Boy,더 보이,2016-06-01,미국,174,1084,0,3258,8592,52229,63136.3350568,20.8836758444542,http://movie.naver.com/movie/bi/mi/photoViewPopup.nhn?movieCode=137341,2016-12-21 16:05:32 UTC,2016-12-21 16:05:32 UTC
50,20158885,The Brand New Testament,이웃집에 신이 산다,2015-12-24,벨기에,59,817,0,1568,44779,45684,35881.2151886,21.4578075724543,http://movie.naver.com/movie/bi/mi/photoViewPopup.nhn?movieCode=142242,2016-12-21 16:05:32 UTC,2016-12-21 16:05:32 UTC
102,20157584,Pet Pals in Windland,윈드랜드,2015-04-02,이탈리아,93,1357,1,187,736,20423,25057.6249704,22.6931644244235,http://movie.naver.com/movie/bi/mi/photoViewPopup.nhn?movieCode=133238,2016-12-21 16:05:33 UTC,2016-12-21 16:05:33 UTC
121,20152372,Amazonia,아마조니아,2015-08-05,프랑스,105,2386,0,504,1165,17465,21549.072291,23.384324597767,http://movie.naver.com/movie/bi/mi/photoViewPopup.nhn?movieCode=113145,2016-12-21 16:05:33 UTC,2016-12-21 16:05:33 UTC
231,20147883,Blood Ties,블러드 타이즈 ,2014-03-27,프랑스,95,200,0,108,578,5591,4257.7563212,23.8462471615096,http://movie.naver.com/movie/bi/mi/photoViewPopup.nhn?movieCode=100984,2016-12-21 16:05:33 UTC,2016-12-21 16:05:33 UTC
25,20155423,Sicario,시카리오: 암살자의 도시,2015-12-03,미국,206,948,0,409,36033,75549,57407.1245162,24.0133893020424,http://movie.naver.com/movie/bi/mi/photoViewPopup.nhn?movieCode=125466,2016-12-21 16:05:32 UTC,2016-12-21 16:05:32 UTC
39,20148129,The Body,더 바디,2014-05-22,스페인,156,3371,0,700,7558,59027,44395.5541792,24.7877171816287,http://movie.naver.com/movie/bi/mi/photoViewPopup.nhn?movieCode=99488,2016-12-21 16:05:32 UTC,2016-12-21 16:05:32 UTC
126,20144121,Foxcatcher,폭스캐처,2015-02-05,미국,77,2173,0,269,1328,15046,11314.5671392,24.8001652319553,http://movie.naver.com/movie/bi/mi/photoViewPopup.nhn?movieCode=100676,2016-12-21 16:05:33 UTC,2016-12-21 16:05:33 UTC
44,20147948,The Face of Love,페이스 오브 러브,2014-04-16,미국,210,6061,0,364,1799,51730,64676.5157366,25.0270940201044,http://movie.naver.com/movie/bi/mi/photoViewPopup.nhn?movieCode=100924,2016-12-21 16:05:32 UTC,2016-12-21 16:05:32 UTC
41,20165941,Robinson Cruseo,로빈슨 크루소,2016-09-07,벨기에,150,4837,1,762,8835,52576,66127.284487,25.7746585647444,http://movie.naver.com/movie/bi/mi/photoViewPopup.nhn?movieCode=147834,2016-12-21 16:05:32 UTC,2016-12-21 16:05:32 UTC
227,20157561,Saint Laurent,생 로랑,2015-04-16,프랑스,51,924,0,721,3537,5850,4290.6585258,26.6554098153846,http://movie.naver.com/movie/bi/mi/photoViewPopup.nhn?movieCode=107935,2016-12-21 16:05:33 UTC,2016-12-21 16:05:33 UTC
134,20143045,"Two Days, One Night",내일을 위한 시간,2015-01-01,벨기에,39,2999,0,360,7540,13794,10007.407354,27.4510123676961,http://movie.naver.com/movie/bi/mi/photoViewPopup.nhn?movieCode=123298,2016-12-21 16:05:33 UTC,2016-12-21 16:05:33 UTC
196,20154674,Backtrack,백트랙,2016-01-21,호주,92,126,0,777,995,7660,9858.849339,28.7056049477807,http://movie.naver.com/movie/bi/mi/photoViewPopup.nhn?movieCode=129044,2016-12-21 16:05:33 UTC,2016-12-21 16:05:33 UTC
59,20163841,Capture the Flag,플래그 더 문,2016-06-02,스페인,108,899,1,210,1895,39061,27420.123711,29.8017876884872,http://movie.naver.com/movie/bi/mi/photoViewPopup.nhn?movieCode=144798,2016-12-21 16:05:32 UTC,2016-12-21 16:05:32 UTC
110,20148208,Grand Piano,그랜드 피아노,2014-04-17,스페인,94,724,0,485,7081,19620,13666.6360234,30.3433434077472,http://movie.naver.com/movie/bi/mi/photoViewPopup.nhn?movieCode=100991,2016-12-21 16:05:33 UTC,2016-12-21 16:05:33 UTC
40,20149415,Khumba,쿰바: 반쪽무늬 얼룩말의 대모험,2014-09-04,남아프리카공화국,109,3017,1,168,3297,55213,38312.4056898,30.6098098458696,http://movie.naver.com/movie/bi/mi/photoViewPopup.nhn?movieCode=100977,2016-12-21 16:05:32 UTC,2016-12-21 16:05:32 UTC
45,20157065,Macbeth,맥베스,2015-12-03,영국,126,1219,0,778,23286,51236,35525.2955464,30.6634094261847,http://movie.naver.com/movie/bi/mi/photoViewPopup.nhn?movieCode=113364,2016-12-21 16:05:32 UTC,2016-12-21 16:05:32 UTC
21,20158428,Ribbit,빌리와 용감한 녀석들 3,2015-04-30,미국,203,833,1,1000,3489,86341,59375.6309986,31.2312447173417,http://movie.naver.com/movie/bi/mi/photoViewPopup.nhn?movieCode=133169,2016-12-21 16:05:32 UTC,2016-12-21 16:05:32 UTC
120,20158091,Yugo & Lala,유고와 라라: 하늘고래와 구름섬 대모험,2015-04-09,중국,94,1006,1,54,2373,17579,23178.6447782,31.8541713305649,http://movie.naver.com/movie/bi/mi/photoViewPopup.nhn?movieCode=101662,2016-12-21 16:05:33 UTC,2016-12-21 16:05:33 UTC
78,20158882,Youth,유스,2016-01-07,이탈리아,65,2281,0,827,9883,27660,18792.7108082,32.0581677216197,http://movie.naver.com/movie/bi/mi/photoViewPopup.nhn?movieCode=139438,2016-12-21 16:05:33 UTC,2016-12-21 16:05:33 UTC
152,20144927,Beyond the Lights,블랙버드,2015-01-28,미국,131,402,0,244,487,11713,15517.8839578,32.4842820609579,http://movie.naver.com/movie/bi/mi/photoViewPopup.nhn?movieCode=124285,2016-12-21 16:05:33 UTC,2016-12-21 16:05:33 UTC
6,20169122,I Am a Hero,아이 엠 어 히어로,2016-09-21,일본,172,10458,0,1355,47565,163698,110472.356797,32.5145348159416,http://movie.naver.com/movie/bi/mi/photoViewPopup.nhn?movieCode=140693,2016-12-21 16:05:32 UTC,2016-12-21 16:05:32 UTC
111,20147848,Ploddy The Police Car on the Case,꼬마영웅 경찰차 프로디2,2014-03-20,노르웨이,108,708,1,17,4144,19469,25812.2481596,32.5812736124095,http://movie.naver.com/movie/bi/mi/photoViewPopup.nhn?movieCode=120053,2016-12-21 16:05:33 UTC,2016-12-21 16:05:33 UTC
192,20154902,The Assassin,자객 섭은낭,2016-02-04,대만,49,1806,0,543,1462,7825,5253.4296288,32.8635191207668,http://movie.naver.com/movie/bi/mi/photoViewPopup.nhn?movieCode=107352,2016-12-21 16:05:33 UTC,2016-12-21 16:05:33 UTC
139,20149494,VIPO : Adventures Of The Flying Dog 2,비포 : 치즈와 초콜릿을 찾아서,2014-07-10,이스라엘,54,332,1,47,147,12900,8642.8193678,33.0014002496124,http://movie.naver.com/movie/bi/mi/photoViewPopup.nhn?movieCode=125837,2016-12-21 16:05:33 UTC,2016-12-21 16:05:33 UTC
9,20162300,The Magic Brush,매직브러시,2016-05-04,중국,334,3001,1,546,5571,149075,99397.4489654,33.3238645209458,http://movie.naver.com/movie/bi/mi/photoViewPopup.nhn?movieCode=148655,2016-12-21 16:05:32 UTC,2016-12-21 16:05:32 UTC
52,20155690,Freedom,프리덤,2015-11-19,미국,96,4151,0,786,451,45478,30242.1239374,33.5016404912265,http://movie.naver.com/movie/bi/mi/photoViewPopup.nhn?movieCode=137991,2016-12-21 16:05:32 UTC,2016-12-21 16:05:32 UTC
36,20153022,Tom Little and The Magic Mirror,더 매직: 리틀톰과 도둑공주,2015-09-24,스페인,133,1165,1,928,1996,63480,41987.9564524,33.8564013037177,http://movie.naver.com/movie/bi/mi/photoViewPopup.nhn?movieCode=142010,2016-12-21 16:05:32 UTC,2016-12-21 16:05:32 UTC
197,20148276,Oggy and the Cockroaches,오기와 악동들 더 무비,2014-04-17,프랑스,41,592,1,91,6234,7657,10313.6940816,34.6962789813243,http://movie.naver.com/movie/bi/mi/photoViewPopup.nhn?movieCode=122073,2016-12-21 16:05:33 UTC,2016-12-21 16:05:33 UTC
193,20151401,Beyond the Reach,더 리치,2015-07-16,미국,72,166,0,579,4698,7810,5094.8201032,34.7654276158771,http://movie.naver.com/movie/bi/mi/photoViewPopup.nhn?movieCode=118346,2016-12-21 16:05:33 UTC,2016-12-21 16:05:33 UTC
58,20158670,While We're Young,위아영,2015-05-14,미국,234,1705,0,548,5206,39266,53079.6975864,35.179793170682,http://movie.naver.com/movie/bi/mi/photoViewPopup.nhn?movieCode=113230,2016-12-21 16:05:32 UTC,2016-12-21 16:05:32 UTC
90,20163184,Born to dance,뉴 스텝업: 어반댄스,2016-09-22,뉴질랜드,165,109,0,1057,5930,24551,33374.744294,35.9404679809377,http://movie.naver.com/movie/bi/mi/photoViewPopup.nhn?movieCode=142372,2016-12-21 16:05:33 UTC,2016-12-21 16:05:33 UTC
73,20139083,The Garden of Words,언어의 정원,2013-08-14,일본,54,1440,1,5,51520,29993,40896.947558,36.3549746874271,http://movie.naver.com/movie/bi/mi/photoViewPopup.nhn?movieCode=106335,2016-12-21 16:05:33 UTC,2016-12-21 16:05:33 UTC
280,20155322,The Riot Club,라이엇 클럽,2015-10-22,영국,51,313,0,434,10746,3737,2360.2226104,36.8417818999197,http://movie.naver.com/movie/bi/mi/photoViewPopup.nhn?movieCode=106532,2016-12-21 16:05:33 UTC,2016-12-21 16:05:33 UTC
168,20157223,What We Did on Our Holiday,해피 홀리데이,2015-05-14,영국,93,1202,0,610,1099,10054,13779.4645306,37.054550732047,http://movie.naver.com/movie/bi/mi/photoViewPopup.nhn?movieCode=128297,2016-12-21 16:05:33 UTC,2016-12-21 16:05:33 UTC
160,20149307,Roco Kingdom : The Desire of Dragon,로코왕국의 전설: 엘프킹을 찾아서,2014-06-26,중국,60,1090,1,39,1726,10589,14592.5492064,37.8085674416848,http://movie.naver.com/movie/bi/mi/photoViewPopup.nhn?movieCode=123100,2016-12-21 16:05:33 UTC,2016-12-21 16:05:33 UTC
60,20159223,Demonic,데모닉,2015-06-25,미국,136,259,0,1751,41108,37910,52256.1079272,37.8425426726457,http://movie.naver.com/movie/bi/mi/photoViewPopup.nhn?movieCode=119437,2016-12-21 16:05:32 UTC,2016-12-21 16:05:32 UTC
17,20149099,The Giver,더 기버: 기억전달자,2014-08-20,미국,225,1111,0,1522,5912,93887,57762.0169268,38.4770874276524,http://movie.naver.com/movie/bi/mi/photoViewPopup.nhn?movieCode=114261,2016-12-21 16:05:32 UTC,2016-12-21 16:05:32 UTC
10,20148877,Grace of Monaco,그레이스 오브 모나코,2014-06-18,프랑스,334,2963,0,720,3655,140042,85063.120643,39.2588504570057,http://movie.naver.com/movie/bi/mi/photoViewPopup.nhn?movieCode=94133,2016-12-21 16:05:32 UTC,2016-12-21 16:05:32 UTC
56,20169764,Snow white : The mysterious father,백설공주 : 사라진 아빠를 찾아서,2016-09-29,중국,110,517,1,207,944,42152,25527.8798776,39.4385085462137,http://movie.naver.com/movie/bi/mi/photoViewPopup.nhn?movieCode=154133,2016-12-21 16:05:32 UTC,2016-12-21 16:05:32 UTC
37,20156970,Midnight Diner,심야식당,2015-06-18,일본,167,1141,0,2102,71568,60041,83877.3010572,39.7000400679536,http://movie.naver.com/movie/bi/mi/photoViewPopup.nhn?movieCode=132665,2016-12-21 16:05:32 UTC,2016-12-21 16:05:32 UTC
19,20148748,Her,그녀,2014-05-22,미국,153,2149,0,1333,24671,89846,52924.4764754,41.09423182401,http://movie.naver.com/movie/bi/mi/photoViewPopup.nhn?movieCode=101950,2016-12-21 16:05:32 UTC,2016-12-21 16:05:32 UTC
135,20143343,Mood Indigo,무드 인디고,2014-12-11,프랑스,55,2113,0,1043,13201,13673,19330.4033254,41.3764596313903,http://movie.naver.com/movie/bi/mi/photoViewPopup.nhn?movieCode=109095,2016-12-21 16:05:33 UTC,2016-12-21 16:05:33 UTC
49,20149591,Magic In The Moonlight,매직 인 더 문라이트,2014-08-20,미국,178,5795,0,1000,14895,48409,68498.723883,41.499977035262,http://movie.naver.com/movie/bi/mi/photoViewPopup.nhn?movieCode=109104,2016-12-21 16:05:32 UTC,2016-12-21 16:05:32 UTC
125,20147691,Any Day Now,초콜렛 도넛,2014-10-02,미국,53,3157,0,1137,9162,15939,22677.6536988,42.277769614154,http://movie.naver.com/movie/bi/mi/photoViewPopup.nhn?movieCode=93236,2016-12-21 16:05:33 UTC,2016-12-21 16:05:33 UTC
8,20165561,Norm Of The North,빅,2016-07-27,미국,323,1223,1,561,2376,152358,86444.0308264,43.2625586930782,http://movie.naver.com/movie/bi/mi/photoViewPopup.nhn?movieCode=133479,2016-12-21 16:05:32 UTC,2016-12-21 16:05:32 UTC
24,20149511,Bunshinsaba 2,분신사바 2,2014-07-16,중국,205,214,0,976,5532,77695,42895.4031488,44.7900081745286,http://movie.naver.com/movie/bi/mi/photoViewPopup.nhn?movieCode=103752,2016-12-21 16:05:32 UTC,2016-12-21 16:05:32 UTC
43,20145042,Still Alice,스틸 앨리스,2015-04-29,미국,79,3518,0,900,9059,51941,28584.6658066,44.9670475990066,http://movie.naver.com/movie/bi/mi/photoViewPopup.nhn?movieCode=120759,2016-12-21 16:05:32 UTC,2016-12-21 16:05:32 UTC
2,20155563,The Little Prince,어린왕자,2015-12-23,프랑스,442,5579,1,4537,44385,360538,198281.965791,45.0038648378257,http://movie.naver.com/movie/bi/mi/photoViewPopup.nhn?movieCode=114265,2016-12-21 16:05:32 UTC,2016-12-21 16:05:32 UTC
108,20154521,Ruth & Alex,브루클린의 멋진 주말,2016-01-21,미국,98,895,0,306,1368,19643,10730.1202932,45.3743303303976,http://movie.naver.com/movie/bi/mi/photoViewPopup.nhn?movieCode=118310,2016-12-21 16:05:33 UTC,2016-12-21 16:05:33 UTC
151,20164094,A Bride for Rip Van Winkle,립반윙클의 신부,2016-09-28,일본,63,811,0,742,2596,11855,6447.1220124,45.6168535436525,http://movie.naver.com/movie/bi/mi/photoViewPopup.nhn?movieCode=150551,2016-12-21 16:05:33 UTC,2016-12-21 16:05:33 UTC
14,20150942,Carol,캐롤,2016-02-04,미국,153,4342,0,1191,27237,122888,63579.2468818,48.262444761246,http://movie.naver.com/movie/bi/mi/photoViewPopup.nhn?movieCode=101962,2016-12-21 16:05:32 UTC,2016-12-21 16:05:32 UTC
144,20157421,The Good lie,뷰티풀 라이,2015-03-26,미국,91,534,0,254,671,12567,6347.9677874,49.4870073414498,http://movie.naver.com/movie/bi/mi/photoViewPopup.nhn?movieCode=109473,2016-12-21 16:05:33 UTC,2016-12-21 16:05:33 UTC
221,20158192,Ghosthunters: On Icy Trails,고스트 헌터: 얼음 몬스터의 부활,2016-02-25,독일,58,609,0,396,6824,6173,3101.0563316,49.7641935590475,http://movie.naver.com/movie/bi/mi/photoViewPopup.nhn?movieCode=143213,2016-12-21 16:05:33 UTC,2016-12-21 16:05:33 UTC
86,20136926,Frances Ha,프란시스 하,2014-07-17,미국,63,2761,0,260,4626,24855,12336.5137504,50.3660681939248,http://movie.naver.com/movie/bi/mi/photoViewPopup.nhn?movieCode=98738,2016-12-21 16:05:33 UTC,2016-12-21 16:05:33 UTC
200,20159901,X Plus Y,네이든,2015-06-25,영국,49,1277,0,482,4317,7435,3603.2639058,51.5364639435104,http://movie.naver.com/movie/bi/mi/photoViewPopup.nhn?movieCode=116216,2016-12-21 16:05:33 UTC,2016-12-21 16:05:33 UTC
67,20163164,Born to Be Blue,본 투 비 블루,2016-06-09,캐나다,138,4697,0,851,8792,31757,48464.2288488,52.6095942589036,http://movie.naver.com/movie/bi/mi/photoViewPopup.nhn?movieCode=126078,2016-12-21 16:05:32 UTC,2016-12-21 16:05:32 UTC
165,20166172,Irrational Man,이레셔널 맨,2016-07-21,미국,39,717,0,378,18213,10210,4744.3155042,53.5326591165524,http://movie.naver.com/movie/bi/mi/photoViewPopup.nhn?movieCode=125434,2016-12-21 16:05:33 UTC,2016-12-21 16:05:33 UTC
32,20158062,Shaun the Sheep Movie,숀더쉽,2015-08-13,영국,263,6318,1,1243,4887,67479,104173.3240478,54.3788794258955,http://movie.naver.com/movie/bi/mi/photoViewPopup.nhn?movieCode=129164,2016-12-21 16:05:32 UTC,2016-12-21 16:05:32 UTC
128,20162572,THE WAVE,더 웨이브,2016-07-13,노르웨이,122,1190,0,724,2047,14609,22585.2549978,54.5982271052091,http://movie.naver.com/movie/bi/mi/photoViewPopup.nhn?movieCode=142333,2016-12-21 16:05:33 UTC,2016-12-21 16:05:33 UTC
224,20157588,Testament of Youth,청춘의 증언,2015-04-09,영국,83,1103,0,395,2191,5995,9289.9010754,54.9608186055046,http://movie.naver.com/movie/bi/mi/photoViewPopup.nhn?movieCode=123299,2016-12-21 16:05:33 UTC,2016-12-21 16:05:33 UTC
20,20159510,The Hateful Eight,헤이트풀8,2016-01-07,미국,153,926,0,973,18041,89153,39961.8790674,55.1760691537021,http://movie.naver.com/movie/bi/mi/photoViewPopup.nhn?movieCode=124238,2016-12-21 16:05:32 UTC,2016-12-21 16:05:32 UTC
11,20148728,The 100 year old man who climbed out the window and disappeard,창문 넘어 도망친 100세 노인,2014-06-18,스웨덴,260,2358,0,754,488,139264,62255.4347232,55.2968213442096,http://movie.naver.com/movie/bi/mi/photoViewPopup.nhn?movieCode=123050,2016-12-21 16:05:32 UTC,2016-12-21 16:05:32 UTC
136,20169034,Flying Colors,"불량소녀, 너를 응원해!",2016-09-21,일본,128,516,0,788,1141,13440,20946.8299174,55.854389266369,http://movie.naver.com/movie/bi/mi/photoViewPopup.nhn?movieCode=138877,2016-12-21 16:05:33 UTC,2016-12-21 16:05:33 UTC
260,20162762,The Clan,클랜,2016-05-12,아르헨티나,58,1246,0,237,1599,4371,1884.3014726,56.8908379638526,http://movie.naver.com/movie/bi/mi/photoViewPopup.nhn?movieCode=143545,2016-12-21 16:05:33 UTC,2016-12-21 16:05:33 UTC
4,20151815,Mune,뮨: 달의 요정,2015-09-24,프랑스,230,1963,1,747,14211,178075,74865.5101674,57.9584387660256,http://movie.naver.com/movie/bi/mi/photoViewPopup.nhn?movieCode=140139,2016-12-21 16:05:32 UTC,2016-12-21 16:05:32 UTC
122,20155010,Mortadelo and Filemon: Mission Implausible,슈퍼 스파이: 수상한 임무,2015-10-15,스페인,98,1554,1,111,1210,16846,26781.307444,58.9772494598124,http://movie.naver.com/movie/bi/mi/photoViewPopup.nhn?movieCode=135655,2016-12-21 16:05:33 UTC,2016-12-21 16:05:33 UTC
99,20150862,The Lobster,더 랍스터,2015-10-29,영국,56,999,0,697,9095,21291,8623.972665,59.4947505283923,http://movie.naver.com/movie/bi/mi/photoViewPopup.nhn?movieCode=120793,2016-12-21 16:05:33 UTC,2016-12-21 16:05:33 UTC
29,20145085,St. Vincent,세인트 빈센트,2015-03-05,미국,281,9987,0,1009,6681,68975,110390.0502374,60.0435668537876,http://movie.naver.com/movie/bi/mi/photoViewPopup.nhn?movieCode=118367,2016-12-21 16:05:32 UTC,2016-12-21 16:05:32 UTC
164,20159063,The Trip to Italy,트립 투 이탈리아,2015-06-04,영국,47,2298,0,228,1445,10314,4081.965315,60.4230626817917,http://movie.naver.com/movie/bi/mi/photoViewPopup.nhn?movieCode=119272,2016-12-21 16:05:33 UTC,2016-12-21 16:05:33 UTC
117,20141781,Dive Olly Dive and The Pirate Treasure,꼬마잠수함 올리,2014-10-16,중국,127,700,1,63,314,17995,28939.7609136,60.8211220539039,http://movie.naver.com/movie/bi/mi/photoViewPopup.nhn?movieCode=101939,2016-12-21 16:05:33 UTC,2016-12-21 16:05:33 UTC
23,20163137,Our Times,나의 소녀시대,2016-05-12,대만,134,4659,0,7104,52149,81205,130957.4853026,61.2677609785112,http://movie.naver.com/movie/bi/mi/photoViewPopup.nhn?movieCode=142691,2016-12-21 16:05:32 UTC,2016-12-21 16:05:32 UTC
171,20147950,You're Next,유아 넥스트,2014-08-07,미국,78,2159,0,573,4585,9990,16174.801303,61.909922952953,http://movie.naver.com/movie/bi/mi/photoViewPopup.nhn?movieCode=87794,2016-12-21 16:05:33 UTC,2016-12-21 16:05:33 UTC
76,20142884,The Disappearance of Eleanor Rigby: Them,엘리노어 릭비: 그 남자 그 여자,2015-04-09,미국,212,1545,0,908,857,29632,47981.3723298,61.9241776788607,http://movie.naver.com/movie/bi/mi/photoViewPopup.nhn?movieCode=124290,2016-12-21 16:05:33 UTC,2016-12-21 16:05:33 UTC
7,20149970,Maya the Bee Movie,마야,2014-09-04,독일,178,3919,1,224,1195,156110,59390.491399,61.9559980789187,http://movie.naver.com/movie/bi/mi/photoViewPopup.nhn?movieCode=127707,2016-12-21 16:05:32 UTC,2016-12-21 16:05:32 UTC
51,20145103,Nightcrawler,나이트 크롤러,2015-02-26,미국,225,3826,0,895,22752,45567,73828.5190588,62.0218997493801,http://movie.naver.com/movie/bi/mi/photoViewPopup.nhn?movieCode=117786,2016-12-21 16:05:32 UTC,2016-12-21 16:05:32 UTC
262,20163321,Mr. Holmes,미스터 홈즈,2016-05-26,영국,57,452,0,691,570,4330,1629.096224,62.3765306235566,http://movie.naver.com/movie/bi/mi/photoViewPopup.nhn?movieCode=124271,2016-12-21 16:05:33 UTC,2016-12-21 16:05:33 UTC
148,20148602,Yves Saint Laurent,이브 생 로랑,2014-06-26,프랑스,51,1373,0,577,2329,12034,4437.0507886,63.1290444690045,http://movie.naver.com/movie/bi/mi/photoViewPopup.nhn?movieCode=119457,2016-12-21 16:05:33 UTC,2016-12-21 16:05:33 UTC
64,20144183,Samba,"웰컴, 삼바",2015-02-18,프랑스,252,1469,0,685,2036,34239,56080.8682104,63.7923660457374,http://movie.naver.com/movie/bi/mi/photoViewPopup.nhn?movieCode=123269,2016-12-21 16:05:32 UTC,2016-12-21 16:05:32 UTC
140,20164747,Little Fox,리틀 폭스,2016-06-23,중국,97,496,1,163,305,12888,21407.402805,66.1033737197393,http://movie.naver.com/movie/bi/mi/photoViewPopup.nhn?movieCode=150545,2016-12-21 16:05:33 UTC,2016-12-21 16:05:33 UTC
285,20158771,Two Night Stand,투 나잇 스탠드,2015-05-07,미국,38,1555,0,236,6886,3545,1181.1551744,66.6810952214386,http://movie.naver.com/movie/bi/mi/photoViewPopup.nhn?movieCode=125478,2016-12-21 16:05:33 UTC,2016-12-21 16:05:33 UTC
70,20140196,Frank,프랭크,2014-09-25,영국,194,1362,0,1224,12516,31091,51842.5396064,66.7445228728571,http://movie.naver.com/movie/bi/mi/photoViewPopup.nhn?movieCode=102958,2016-12-21 16:05:33 UTC,2016-12-21 16:05:33 UTC
27,20144481,Predestination,타임 패러독스,2015-01-07,호주,229,5619,0,1321,86813,72929,121691.7881342,66.8633714080818,http://movie.naver.com/movie/bi/mi/photoViewPopup.nhn?movieCode=118347,2016-12-21 16:05:32 UTC,2016-12-21 16:05:32 UTC
146,20149343,Nymphomaniac vol.2,님포매니악 볼륨2,2014-07-03,덴마크,53,807,0,127,13796,12331,3904.8539544,68.3330309431514,http://movie.naver.com/movie/bi/mi/photoViewPopup.nhn?movieCode=98447,2016-12-21 16:05:33 UTC,2016-12-21 16:05:33 UTC
131,20147970,The Great Beauty,그레이트 뷰티,2014-06-12,이탈리아,51,2189,0,237,694,13998,4240.9587316,69.7031095042149,http://movie.naver.com/movie/bi/mi/photoViewPopup.nhn?movieCode=104072,2016-12-21 16:05:33 UTC,2016-12-21 16:05:33 UTC
82,20148834,The Best Offer,베스트 오퍼,2014-06-12,이탈리아,175,4102,0,351,203,26597,45415.4657862,70.7540917629808,http://movie.naver.com/movie/bi/mi/photoViewPopup.nhn?movieCode=101248,2016-12-21 16:05:33 UTC,2016-12-21 16:05:33 UTC
95,20147649,Belle and Sebastien,벨과 세바스찬,2014-03-20,프랑스,176,2704,0,226,2271,22662,38748.6015114,70.9849153269791,http://movie.naver.com/movie/bi/mi/photoViewPopup.nhn?movieCode=117888,2016-12-21 16:05:33 UTC,2016-12-21 16:05:33 UTC
94,20149878,Postman Pat: The Movie,행복배달부 팻아저씨,2014-10-09,영국,155,1208,1,214,2995,24156,41304.382677,70.9901584575261,http://movie.naver.com/movie/bi/mi/photoViewPopup.nhn?movieCode=97859,2016-12-21 16:05:33 UTC,2016-12-21 16:05:33 UTC
96,20165130,I'm Off Then,나의 산티아고,2016-07-14,독일,81,636,0,473,702,22444,6483.6279648,71.1119766316165,http://movie.naver.com/movie/bi/mi/photoViewPopup.nhn?movieCode=146311,2016-12-21 16:05:33 UTC,2016-12-21 16:05:33 UTC
75,20157394,It Follows,팔로우,2015-04-02,미국,188,1302,0,749,23185,29810,51104.821981,71.4351626333445,http://movie.naver.com/movie/bi/mi/photoViewPopup.nhn?movieCode=127043,2016-12-21 16:05:33 UTC,2016-12-21 16:05:33 UTC
232,20161502,Louder Than Bombs,라우더 댄 밤즈,2016-10-27,노르웨이,55,1091,0,385,1032,5411,1514.4581208,72.0114928700795,http://movie.naver.com/movie/bi/mi/photoViewPopup.nhn?movieCode=113356,2016-12-21 16:05:33 UTC,2016-12-21 16:05:33 UTC
225,20144522,The Vatican Museums 3D,바티칸 뮤지엄,2015-01-08,이탈리아,49,1529,0,242,2721,5976,1653.8250234,72.3255518172691,http://movie.naver.com/movie/bi/mi/photoViewPopup.nhn?movieCode=133397,2016-12-21 16:05:33 UTC,2016-12-21 16:05:33 UTC
62,20163043,Ratchet and Clank,갤럭시 히어로즈: 라쳇 앤 클랭크,2016-08-17,미국,228,2156,1,347,1045,37343,64434.674809,72.5482012934151,http://movie.naver.com/movie/bi/mi/photoViewPopup.nhn?movieCode=115620,2016-12-21 16:05:32 UTC,2016-12-21 16:05:32 UTC
92,20147284,Les vacances du Petit Nicolas,꼬마 니콜라의 여름방학,2014-08-21,프랑스,133,3717,0,757,9530,24253,41924.89475,72.8647785840927,http://movie.naver.com/movie/bi/mi/photoViewPopup.nhn?movieCode=118618,2016-12-21 16:05:33 UTC,2016-12-21 16:05:33 UTC
130,20149459,Quantum Love,어떤 만남,2014-07-31,프랑스,37,1252,0,330,12485,14014,3340.783563,76.1610991651206,http://movie.naver.com/movie/bi/mi/photoViewPopup.nhn?movieCode=127036,2016-12-21 16:05:33 UTC,2016-12-21 16:05:33 UTC
103,20141088,Coming Home,5일의 마중,2014-10-08,중국,62,900,0,397,5561,20397,4856.8918314,76.1882049742609,http://movie.naver.com/movie/bi/mi/photoViewPopup.nhn?movieCode=115534,2016-12-21 16:05:33 UTC,2016-12-21 16:05:33 UTC
83,20140762,Fading Gigolo,지골로 인 뉴욕,2014-09-25,미국,230,1445,0,227,3324,26477,46700.7440656,76.3823094217623,http://movie.naver.com/movie/bi/mi/photoViewPopup.nhn?movieCode=102055,2016-12-21 16:05:33 UTC,2016-12-21 16:05:33 UTC
213,20070157,Maborosi,환상의 빛,2016-07-07,일본,35,2201,0,265,2517,6612,1535.9516998,76.7702404748941,http://movie.naver.com/movie/bi/mi/photoViewPopup.nhn?movieCode=31368,2016-12-21 16:05:33 UTC,2016-12-21 16:05:33 UTC
173,20152264,Diary Of A Chambermaid,어느 하녀의 일기,2015-08-06,프랑스,35,532,0,542,13388,9214,1873.2679072,79.6693302886911,http://movie.naver.com/movie/bi/mi/photoViewPopup.nhn?movieCode=133000,2016-12-21 16:05:33 UTC,2016-12-21 16:05:33 UTC
87,20145021,Wild,와일드,2015-01-22,미국,52,875,0,747,79149,24722,44692.0297206,80.7783744057924,http://movie.naver.com/movie/bi/mi/photoViewPopup.nhn?movieCode=118395,2016-12-21 16:05:33 UTC,2016-12-21 16:05:33 UTC
167,20162568,God's Not Dead 2,신은 죽지 않았다 2,2016-04-07,미국,94,2137,0,387,4836,10161,18399.2634704,81.077290329692,http://movie.naver.com/movie/bi/mi/photoViewPopup.nhn?movieCode=147054,2016-12-21 16:05:33 UTC,2016-12-21 16:05:33 UTC
254,20164825,Everybody Wants Some!!,에브리바디 원츠 썸!!,2016-07-14,미국,63,877,0,261,14007,4494,8159.1692098,81.556947258567,http://movie.naver.com/movie/bi/mi/photoViewPopup.nhn?movieCode=130972,2016-12-21 16:05:33 UTC,2016-12-21 16:05:33 UTC
48,20162569,A man called ove,오베라는 남자,2016-05-25,스웨덴,217,8041,0,1759,1511,49175,89442.3241674,81.8857634314184,http://movie.naver.com/movie/bi/mi/photoViewPopup.nhn?movieCode=139613,2016-12-21 16:05:32 UTC,2016-12-21 16:05:32 UTC
235,20147685,Parkland,더 파크랜드,2014-03-20,미국,108,277,0,51,4350,5129,9333.956446,81.9839431858062,http://movie.naver.com/movie/bi/mi/photoViewPopup.nhn?movieCode=103320,2016-12-21 16:05:33 UTC,2016-12-21 16:05:33 UTC
159,20149388,Salmon Fishing In The Yemen,사막에서 연어낚시,2014-10-16,영국,87,3147,0,369,2170,10938,19972.49141,82.5972884439569,http://movie.naver.com/movie/bi/mi/photoViewPopup.nhn?movieCode=87678,2016-12-21 16:05:33 UTC,2016-12-21 16:05:33 UTC
137,20151821,Love & Mercy,러브 앤 머시,2015-07-30,미국,46,1934,0,290,727,13325,2281.0693298,82.8812808270169,http://movie.naver.com/movie/bi/mi/photoViewPopup.nhn?movieCode=118933,2016-12-21 16:05:33 UTC,2016-12-21 16:05:33 UTC
256,20163049,Where to Invade Next,다음 침공은 어디?,2016-09-08,미국,31,1383,0,416,21637,4463,8169.6642738,83.0531990544477,http://movie.naver.com/movie/bi/mi/photoViewPopup.nhn?movieCode=142241,2016-12-21 16:05:33 UTC,2016-12-21 16:05:33 UTC
206,20150458,The Surprise,킬 미 달링,2016-01-28,네덜란드,54,709,0,576,795,7101,1132.805923,84.0472338684692,http://movie.naver.com/movie/bi/mi/photoViewPopup.nhn?movieCode=145816,2016-12-21 16:05:33 UTC,2016-12-21 16:05:33 UTC
176,20149952,Back to the Sea,백투더 씨,2014-08-21,중국,81,508,1,70,577,9018,16705.1914278,85.2427525815036,http://movie.naver.com/movie/bi/mi/photoViewPopup.nhn?movieCode=101088,2016-12-21 16:05:33 UTC,2016-12-21 16:05:33 UTC
216,20147687,Love is in the air,러브 인 비즈니스클래스,2014-03-20,프랑스,72,2767,0,72,3277,6512,12077.2751298,85.461841673833,http://movie.naver.com/movie/bi/mi/photoViewPopup.nhn?movieCode=120041,2016-12-21 16:05:33 UTC,2016-12-21 16:05:33 UTC
230,20162467,Raven the Little Rascal - The Big Race,붕붕 달려라 깜이,2016-03-24,독일,53,674,1,75,267,5599,10392.0257158,85.6050315377746,http://movie.naver.com/movie/bi/mi/photoViewPopup.nhn?movieCode=144001,2016-12-21 16:05:33 UTC,2016-12-21 16:05:33 UTC
55,20153025,Danny Collins,대니 콜린스,2015-09-30,미국,294,4160,0,764,2383,43238,80632.0282402,86.4841765118646,http://movie.naver.com/movie/bi/mi/photoViewPopup.nhn?movieCode=115296,2016-12-21 16:05:32 UTC,2016-12-21 16:05:32 UTC
93,20147679,Philomena,필로미나의 기적,2014-04-16,영국,152,4796,0,353,5340,24245,45784.540954,88.8411670612497,http://movie.naver.com/movie/bi/mi/photoViewPopup.nhn?movieCode=108734,2016-12-21 16:05:33 UTC,2016-12-21 16:05:33 UTC
163,20151623,An,앙: 단팥 인생 이야기,2015-09-10,일본,39,1965,0,318,852,10422,1018.6980228,90.2255035233161,http://movie.naver.com/movie/bi/mi/photoViewPopup.nhn?movieCode=139523,2016-12-21 16:05:33 UTC,2016-12-21 16:05:33 UTC
97,20155441,Monster Hunt,몬스터 헌트,2015-11-12,중국,167,1686,0,941,8657,21948,41870.3502978,90.7706866129032,http://movie.naver.com/movie/bi/mi/photoViewPopup.nhn?movieCode=136611,2016-12-21 16:05:33 UTC,2016-12-21 16:05:33 UTC
243,20140093,The Letters,마더 데레사의 편지,2014-08-21,미국,65,2367,0,234,2255,4852,9408.964719,93.9193058326464,http://movie.naver.com/movie/bi/mi/photoViewPopup.nhn?movieCode=102672,2016-12-21 16:05:33 UTC,2016-12-21 16:05:33 UTC
156,20158888,45 Years,45년 후,2016-05-05,영국,43,1678,0,311,1062,11198,666.5211488,94.047855431327,http://movie.naver.com/movie/bi/mi/photoViewPopup.nhn?movieCode=135694,2016-12-21 16:05:33 UTC,2016-12-21 16:05:33 UTC
68,20163189,After the Storm,태풍이 지나가고,2016-07-27,일본,41,605,0,745,5371,31406,1443.1999914,95.4046997662867,http://movie.naver.com/movie/bi/mi/photoViewPopup.nhn?movieCode=146548,2016-12-21 16:05:32 UTC,2016-12-21 16:05:32 UTC
142,20155602,Life,라이프,2015-10-15,캐나다,99,438,0,1302,13190,12611,24694.920226,95.8204759812862,http://movie.naver.com/movie/bi/mi/photoViewPopup.nhn?movieCode=122494,2016-12-21 16:05:33 UTC,2016-12-21 16:05:33 UTC
175,20150963,Shimajiro's Wow! Shimajiro and Big tree Island,호비와 엄마나무섬의 비밀,2015-07-02,일본,53,432,1,123,15894,9169,17975.5556696,96.0470680510415,http://movie.naver.com/movie/bi/mi/photoViewPopup.nhn?movieCode=139675,2016-12-21 16:05:33 UTC,2016-12-21 16:05:33 UTC
253,20158886,Marguerite,마가렛트 여사의 숨길 수 없는 비밀,2016-03-17,프랑스,82,1176,0,325,2381,4496,8816.6716274,96.1003475845196,http://movie.naver.com/movie/bi/mi/photoViewPopup.nhn?movieCode=143539,2016-12-21 16:05:33 UTC,2016-12-21 16:05:33 UTC
198,20153521,The Immigrant,이민자,2015-09-03,미국,34,1925,0,318,2183,7543,279.7551982,96.2911945088161,http://movie.naver.com/movie/bi/mi/photoViewPopup.nhn?movieCode=98904,2016-12-21 16:05:33 UTC,2016-12-21 16:05:33 UTC
88,20148830,Attila Marcel,마담 프루스트의 비밀정원,2014-07-24,프랑스,36,1089,0,569,4762,24660,516.551466800001,97.9053062984591,http://movie.naver.com/movie/bi/mi/photoViewPopup.nhn?movieCode=113170,2016-12-21 16:05:33 UTC,2016-12-21 16:05:33 UTC
124,20142857,Supercondriaque,슈퍼처방전,2014-12-10,프랑스,144,1790,0,908,1462,16410,32482.9302268,97.9459489750153,http://movie.naver.com/movie/bi/mi/photoViewPopup.nhn?movieCode=120565,2016-12-21 16:05:33 UTC,2016-12-21 16:05:33 UTC
195,20150061,SELMA,셀마,2015-07-23,미국,44,2231,0,683,16232,7673,15269.0720768,98.997420523915,http://movie.naver.com/movie/bi/mi/photoViewPopup.nhn?movieCode=125428,2016-12-21 16:05:33 UTC,2016-12-21 16:05:33 UTC
186,20162564,Tumbledown,사랑과 음악사이,2016-04-27,미국,138,516,0,130,195,8306,16562.789205,99.4075271490489,http://movie.naver.com/movie/bi/mi/photoViewPopup.nhn?movieCode=104435,2016-12-21 16:05:33 UTC,2016-12-21 16:05:33 UTC
72,20145281,The Cobbler,코블러,2015-04-08,미국,230,3161,0,667,5345,30149,60391.592279,100.310432448837,http://movie.naver.com/movie/bi/mi/photoViewPopup.nhn?movieCode=118999,2016-12-21 16:05:33 UTC,2016-12-21 16:05:33 UTC
189,20151202,I Kissed a Girl,난 그녀와 키스했다,2015-07-22,프랑스,35,1123,0,503,4829,8192,-172.922959399999,102.110875969238,http://movie.naver.com/movie/bi/mi/photoViewPopup.nhn?movieCode=135859,2016-12-21 16:05:33 UTC,2016-12-21 16:05:33 UTC
174,20159582,Elephant Song,엘리펀트 송,2015-06-11,캐나다,46,395,0,422,7606,9212,-274.890925599999,102.984052600955,http://movie.naver.com/movie/bi/mi/photoViewPopup.nhn?movieCode=129683,2016-12-21 16:05:33 UTC,2016-12-21 16:05:33 UTC
263,20154805,Slow West,슬로우 웨스트,2015-10-08,영국,30,1230,0,197,11879,4324,-129.445687399999,102.993656045328,http://movie.naver.com/movie/bi/mi/photoViewPopup.nhn?movieCode=118308,2016-12-21 16:05:33 UTC,2016-12-21 16:05:33 UTC
204,20161598,Mountain Cry,산이 울다,2016-05-25,중국,89,1477,0,535,3212,7146,14510.8570048,103.06265050098,http://movie.naver.com/movie/bi/mi/photoViewPopup.nhn?movieCode=143357,2016-12-21 16:05:33 UTC,2016-12-21 16:05:33 UTC
109,20158703,Trash,트래쉬,2015-05-14,미국,193,1615,0,498,1432,19640,39896.3174548,103.138072580448,http://movie.naver.com/movie/bi/mi/photoViewPopup.nhn?movieCode=114293,2016-12-21 16:05:33 UTC,2016-12-21 16:05:33 UTC
261,20155738,5 to 7,5 투 7,2015-11-19,미국,58,560,0,347,1974,4361,-187.273754399999,104.294284668654,http://movie.naver.com/movie/bi/mi/photoViewPopup.nhn?movieCode=104373,2016-12-21 16:05:33 UTC,2016-12-21 16:05:33 UTC
207,20164158,"Trenk, the Little Knight",꼬마기사 트랭크,2016-06-16,독일,80,180,1,47,197,7044,14434.2511338,104.915547044293,http://movie.naver.com/movie/bi/mi/photoViewPopup.nhn?movieCode=144253,2016-12-21 16:05:33 UTC,2016-12-21 16:05:33 UTC
71,20161594,The Anthem of the Heart,마음이 외치고 싶어해,2016-03-30,일본,115,5316,1,1284,6670,31021,63616.831578,105.076662834854,http://movie.naver.com/movie/bi/mi/photoViewPopup.nhn?movieCode=142292,2016-12-21 16:05:33 UTC,2016-12-21 16:05:33 UTC
38,20156063,Room,룸,2016-03-03,아일랜드,316,9790,0,1541,7087,59820,123564.2500678,106.560097070879,http://movie.naver.com/movie/bi/mi/photoViewPopup.nhn?movieCode=130989,2016-12-21 16:05:32 UTC,2016-12-21 16:05:32 UTC
297,20152801,One Wild Moment,원 와일드 모먼트,2015-08-27,프랑스,36,1848,0,228,2635,3125,-227.751438999999,107.288046048,http://movie.naver.com/movie/bi/mi/photoViewPopup.nhn?movieCode=140668,2016-12-21 16:05:33 UTC,2016-12-21 16:05:33 UTC
138,20149155,ANPANMAN : REVIVE BANANA ISLAND,극장판 날아라! 호빵맨 : 바나나섬을 되찾아줘,2014-06-19,일본,89,14,1,131,19897,12982,27150.4497498,109.139190801109,http://movie.naver.com/movie/bi/mi/photoViewPopup.nhn?movieCode=96940,2016-12-21 16:05:33 UTC,2016-12-21 16:05:33 UTC
105,20169986,Nine Lives,미스터 캣,2016-10-19,프랑스,182,1601,0,987,2491,20217,42382.4984754,109.637920934857,http://movie.naver.com/movie/bi/mi/photoViewPopup.nhn?movieCode=137972,2016-12-21 16:05:33 UTC,2016-12-21 16:05:33 UTC
141,20155725,Little Boy,리틀 보이,2015-12-10,미국,136,796,0,347,14468,12865,27106.6256172,110.700548909444,http://movie.naver.com/movie/bi/mi/photoViewPopup.nhn?movieCode=129046,2016-12-21 16:05:33 UTC,2016-12-21 16:05:33 UTC
81,20161921,"Hail, Caesar!","헤일, 시저!",2016-03-24,미국,251,1770,0,471,3876,26613,56195.8548404,111.159413972119,http://movie.naver.com/movie/bi/mi/photoViewPopup.nhn?movieCode=125457,2016-12-21 16:05:33 UTC,2016-12-21 16:05:33 UTC
112,20140459,Kill Your Darlings,킬 유어 달링,2014-10-16,미국,93,493,0,2616,22460,19429,41130.097982,111.694364002265,http://movie.naver.com/movie/bi/mi/photoViewPopup.nhn?movieCode=92004,2016-12-21 16:05:33 UTC,2016-12-21 16:05:33 UTC
228,20166041,Creepy,크리피: 일가족 연쇄 실종 사건,2016-08-18,일본,71,1076,0,1013,2217,5731,12165.8005258,112.280588480195,http://movie.naver.com/movie/bi/mi/photoViewPopup.nhn?movieCode=148267,2016-12-21 16:05:33 UTC,2016-12-21 16:05:33 UTC
205,20147805,The Lunchbox,런치박스,2014-04-10,인도,36,1579,0,295,2234,7107,-1099.4619364,115.470127147882,http://movie.naver.com/movie/bi/mi/photoViewPopup.nhn?movieCode=111527,2016-12-21 16:05:33 UTC,2016-12-21 16:05:33 UTC
245,20148762,Wadjda,와즈다,2014-06-19,기타,50,964,0,270,2226,4831,-836.188983600001,117.308817710619,http://movie.naver.com/movie/bi/mi/photoViewPopup.nhn?movieCode=97721,2016-12-21 16:05:33 UTC,2016-12-21 16:05:33 UTC
119,20161382,Letters To God,레터스 투 갓,2016-02-25,미국,104,5701,0,431,5045,17784,38779.795267,118.060027367296,http://movie.naver.com/movie/bi/mi/photoViewPopup.nhn?movieCode=73462,2016-12-21 16:05:33 UTC,2016-12-21 16:05:33 UTC
277,20158201,Serena,세레나,2015-04-23,미국,46,419,0,373,7371,3867,-758.235924599999,119.607859441427,http://movie.naver.com/movie/bi/mi/photoViewPopup.nhn?movieCode=94853,2016-12-21 16:05:33 UTC,2016-12-21 16:05:33 UTC
201,20156101,Finding Vivian Maier,비비안 마이어를 찾아서,2015-04-30,미국,32,1635,0,329,2005,7315,-1619.384405,122.137859261791,http://movie.naver.com/movie/bi/mi/photoViewPopup.nhn?movieCode=113983,2016-12-21 16:05:33 UTC,2016-12-21 16:05:33 UTC
143,20157702,Suite Francaise,스윗 프랑세즈,2015-12-03,영국,91,4138,0,555,3144,12585,28116.5004956,123.41279694557,http://movie.naver.com/movie/bi/mi/photoViewPopup.nhn?movieCode=103331,2016-12-21 16:05:33 UTC,2016-12-21 16:05:33 UTC
219,20158883,Every Thing Will Be Fine,에브리띵 윌 비 파인,2015-12-31,독일,46,798,0,472,463,6339,-1620.7211958,125.567458523426,http://movie.naver.com/movie/bi/mi/photoViewPopup.nhn?movieCode=114266,2016-12-21 16:05:33 UTC,2016-12-21 16:05:33 UTC
63,20163201,OCTONAUTS Season4,바다 탐험대 옥토넛 시즌4: 아슬아슬 구조대작전,2016-06-02,영국,101,414,1,354,111711,36757,83000.1224834,125.807662440896,http://movie.naver.com/movie/bi/mi/photoViewPopup.nhn?movieCode=149576,2016-12-21 16:05:32 UTC,2016-12-21 16:05:32 UTC
180,20149270,In Secret,테레즈 라캥,2014-07-10,미국,46,1232,0,203,134,8742,-2293.3981544,126.234250221917,http://movie.naver.com/movie/bi/mi/photoViewPopup.nhn?movieCode=97855,2016-12-21 16:05:33 UTC,2016-12-21 16:05:33 UTC
182,20162926,Bagdad Cafe,바그다드 카페 : 디렉터스컷,2016-07-14,독일,56,927,0,9,1664,8670,-2345.6070504,127.054291238754,http://movie.naver.com/movie/bi/mi/photoViewPopup.nhn?movieCode=16601,2016-12-21 16:05:33 UTC,2016-12-21 16:05:33 UTC
240,20153982,AMY,에이미,2015-11-05,영국,31,1329,0,465,3247,4906,-1379.7308622,128.123335960049,http://movie.naver.com/movie/bi/mi/photoViewPopup.nhn?movieCode=136890,2016-12-21 16:05:33 UTC,2016-12-21 16:05:33 UTC
118,20169028,Thomas&Friends-Tale of The Brave,토마스와 친구들: 용감한 기관차와 괴물소동,2016-10-13,영국,150,195,1,227,14176,17950,41186.0376224,129.448677562117,http://movie.naver.com/movie/bi/mi/photoViewPopup.nhn?movieCode=154107,2016-12-21 16:05:33 UTC,2016-12-21 16:05:33 UTC
293,20154301,Henri Henri,앙리 앙리,2015-10-29,캐나다,51,2926,0,250,126,3329,7651.5135604,129.844204277561,http://movie.naver.com/movie/bi/mi/photoViewPopup.nhn?movieCode=133856,2016-12-21 16:05:33 UTC,2016-12-21 16:05:33 UTC
177,20165502,The Tag-Along,마신자 - 빨간 옷 소녀의 저주,2016-07-21,대만,129,761,0,675,216,8937,20801.7833864,132.760248253329,http://movie.naver.com/movie/bi/mi/photoViewPopup.nhn?movieCode=145592,2016-12-21 16:05:33 UTC,2016-12-21 16:05:33 UTC
275,20148906,Refuge,사랑은 소설처럼,2014-06-12,미국,33,2067,0,186,467,3975,-1471.0092962,137.006523174843,http://movie.naver.com/movie/bi/mi/photoViewPopup.nhn?movieCode=122507,2016-12-21 16:05:33 UTC,2016-12-21 16:05:33 UTC
226,20149016,The Van Gogh Legacy,반 고흐: 위대한 유산,2014-10-30,네덜란드,34,590,0,652,3538,5875,-2256.2425468,138.40412845617,http://movie.naver.com/movie/bi/mi/photoViewPopup.nhn?movieCode=123052,2016-12-21 16:05:33 UTC,2016-12-21 16:05:33 UTC
114,20159655,PSYCHO-PASS,사이코패스,2015-05-28,일본,54,154,1,1667,40655,18856,44996.174819,138.630541042639,http://movie.naver.com/movie/bi/mi/photoViewPopup.nhn?movieCode=135806,2016-12-21 16:05:33 UTC,2016-12-21 16:05:33 UTC
170,20168822,Desierto,디시에르토,2016-10-05,멕시코,119,2399,0,414,617,10029,23950.6956338,138.814394593678,http://movie.naver.com/movie/bi/mi/photoViewPopup.nhn?movieCode=120581,2016-12-21 16:05:33 UTC,2016-12-21 16:05:33 UTC
157,20167082,The Beatles: Eight Days A Week – The Touring Years,비틀스: 에잇 데이즈 어 위크 – 투어링 이어즈,2016-10-19,영국,130,2200,0,411,2972,11188,26955.3365868,140.930788226671,http://movie.naver.com/movie/bi/mi/photoViewPopup.nhn?movieCode=152266,2016-12-21 16:05:33 UTC,2016-12-21 16:05:33 UTC
209,20158622,Accidental Love,엑시덴탈 러브,2015-05-07,미국,86,2264,0,523,1799,6937,16723.0853606,141.070857151506,http://movie.naver.com/movie/bi/mi/photoViewPopup.nhn?movieCode=47360,2016-12-21 16:05:33 UTC,2016-12-21 16:05:33 UTC
153,20140207,The Little Ghost,꼬마 유령,2015-06-11,독일,97,533,0,223,38216,11363,27473.5252264,141.780561703775,http://movie.naver.com/movie/bi/mi/photoViewPopup.nhn?movieCode=119041,2016-12-21 16:05:33 UTC,2016-12-21 16:05:33 UTC
145,20147880,Le Week-End,위크엔드 인 파리,2014-05-01,영국,30,1321,0,235,413,12352,-5404.5545938,143.754489910946,http://movie.naver.com/movie/bi/mi/photoViewPopup.nhn?movieCode=113155,2016-12-21 16:05:33 UTC,2016-12-21 16:05:33 UTC
250,20153037,Rise Of The Legend,라이즈 오브 더 레전드: 황비홍,2015-09-10,홍콩,51,151,0,453,3319,4657,-2186.1760374,146.94387024694,http://movie.naver.com/movie/bi/mi/photoViewPopup.nhn?movieCode=114140,2016-12-21 16:05:33 UTC,2016-12-21 16:05:33 UTC
147,20150470,99 HOMES,라스트 홈,2016-04-07,미국,158,1017,0,733,701,12142,30122.4952134,148.085119530555,http://movie.naver.com/movie/bi/mi/photoViewPopup.nhn?movieCode=118309,2016-12-21 16:05:33 UTC,2016-12-21 16:05:33 UTC
123,20157782,GOD'S NOT DEAD,신은 죽지 않았다,2015-04-16,미국,123,1586,0,1558,18589,16571,41634.3037606,151.247986003259,http://movie.naver.com/movie/bi/mi/photoViewPopup.nhn?movieCode=122193,2016-12-21 16:05:33 UTC,2016-12-21 16:05:33 UTC
214,20149520,A Most Wanted Man,모스트 원티드 맨,2014-08-07,영국,26,836,0,228,10136,6584,-3671.6753296,155.766636233293,http://movie.naver.com/movie/bi/mi/photoViewPopup.nhn?movieCode=101999,2016-12-21 16:05:33 UTC,2016-12-21 16:05:33 UTC
273,20143922,"Sue, Mai & Sawa: Righting the Girl Ship",결혼하지 않아도 괜찮을까,2015-04-09,일본,27,1071,0,454,6092,4002,-2232.2380772,155.778062898551,http://movie.naver.com/movie/bi/mi/photoViewPopup.nhn?movieCode=99671,2016-12-21 16:05:33 UTC,2016-12-21 16:05:33 UTC
259,20088550,Hunger,헝거,2016-03-17,영국,56,558,0,207,989,4419,-2578.4293374,158.348706435845,http://movie.naver.com/movie/bi/mi/photoViewPopup.nhn?movieCode=49065,2016-12-21 16:05:33 UTC,2016-12-21 16:05:33 UTC
183,20143983,Seer 2,우주로봇 씨어,2015-03-12,중국,55,2943,1,80,1104,8619,22425.2349196,160.183721076691,http://movie.naver.com/movie/bi/mi/photoViewPopup.nhn?movieCode=121124,2016-12-21 16:05:33 UTC,2016-12-21 16:05:33 UTC
169,20151482,Pale Moon,종이 달,2015-07-23,일본,31,655,0,264,4137,10036,-6136.7067862,161.146938882025,http://movie.naver.com/movie/bi/mi/photoViewPopup.nhn?movieCode=131384,2016-12-21 16:05:33 UTC,2016-12-21 16:05:33 UTC
85,20151111,A rooster with many eggs,빌리와 용감한 녀석들: 치킨 히어로,2016-02-17,미국,226,1195,1,892,3717,25222,65964.1935218,161.534349067481,http://movie.naver.com/movie/bi/mi/photoViewPopup.nhn?movieCode=143083,2016-12-21 16:05:33 UTC,2016-12-21 16:05:33 UTC
104,20142481,What If,왓 이프,2014-11-13,아일랜드,137,6307,0,750,5011,20277,53060.7436814,161.679457914879,http://movie.naver.com/movie/bi/mi/photoViewPopup.nhn?movieCode=97711,2016-12-21 16:05:33 UTC,2016-12-21 16:05:33 UTC
188,20166023,Miles Ahead,마일스,2016-08-10,미국,36,837,0,282,1397,8221,-5280.1657022,164.22777888578,http://movie.naver.com/movie/bi/mi/photoViewPopup.nhn?movieCode=114296,2016-12-21 16:05:33 UTC,2016-12-21 16:05:33 UTC
203,20163314,Things to Come,다가오는 것들,2016-09-29,프랑스,29,1402,0,271,458,7242,-4887.4708568,167.487860491577,http://movie.naver.com/movie/bi/mi/photoViewPopup.nhn?movieCode=147945,2016-12-21 16:05:33 UTC,2016-12-21 16:05:33 UTC
217,20160644,The Infiltrator,인필트레이터 : 잠입자들,2016-10-06,미국,124,1246,0,84,1889,6368,17065.2389526,167.984280034548,http://movie.naver.com/movie/bi/mi/photoViewPopup.nhn?movieCode=136826,2016-12-21 16:05:33 UTC,2016-12-21 16:05:33 UTC
244,20149830,The Double,더블: 달콤한 악몽,2014-09-25,영국,42,689,0,353,2266,4837,-3349.1443316,169.240114360141,http://movie.naver.com/movie/bi/mi/photoViewPopup.nhn?movieCode=92506,2016-12-21 16:05:33 UTC,2016-12-21 16:05:33 UTC
172,20158981,The Case of Hana & Alice,하나와 앨리스: 살인사건,2015-05-27,일본,65,401,1,650,14995,9452,25462.253535,169.384823688108,http://movie.naver.com/movie/bi/mi/photoViewPopup.nhn?movieCode=134133,2016-12-21 16:05:33 UTC,2016-12-21 16:05:33 UTC
237,20148687,Enemy,에너미,2014-05-29,캐나다,50,766,0,200,211,5099,-3548.3126206,169.588402051383,http://movie.naver.com/movie/bi/mi/photoViewPopup.nhn?movieCode=102291,2016-12-21 16:05:33 UTC,2016-12-21 16:05:33 UTC
268,20140922,Little White Lies,프렌즈 : 하얀 거짓말,2014-09-25,프랑스,52,728,0,203,734,4163,-2926.1319224,170.289020475618,http://movie.naver.com/movie/bi/mi/photoViewPopup.nhn?movieCode=78608,2016-12-21 16:05:33 UTC,2016-12-21 16:05:33 UTC
292,20149715,Giovanni's Island,은하철도의 꿈,2015-04-09,일본,38,957,1,139,1193,3360,9128.8649382,171.692408875,http://movie.naver.com/movie/bi/mi/photoViewPopup.nhn?movieCode=122145,2016-12-21 16:05:33 UTC,2016-12-21 16:05:33 UTC
236,20140461,It Boy,"서른아홉, 열아홉",2014-09-18,프랑스,37,923,0,366,1094,5117,-3957.4686824,177.339626390463,http://movie.naver.com/movie/bi/mi/photoViewPopup.nhn?movieCode=117269,2016-12-21 16:05:33 UTC,2016-12-21 16:05:33 UTC
178,20162042,Anomalisa,아노말리사,2016-03-30,미국,52,577,1,241,25545,8899,24698.746739,177.545193156534,http://movie.naver.com/movie/bi/mi/photoViewPopup.nhn?movieCode=143541,2016-12-21 16:05:33 UTC,2016-12-21 16:05:33 UTC
274,20138783,Walking To School,와와의 학교 가는 날,2016-10-27,중국,48,3317,0,423,1289,3999,11099.1682326,177.548592963241,http://movie.naver.com/movie/bi/mi/photoViewPopup.nhn?movieCode=54304,2016-12-21 16:05:33 UTC,2016-12-21 16:05:33 UTC
210,20140281,Instructions not Included,"사랑해, 매기",2016-07-27,멕시코,59,2512,0,1315,1989,6825,18959.5693866,177.795888448352,http://movie.naver.com/movie/bi/mi/photoViewPopup.nhn?movieCode=108053,2016-12-21 16:05:33 UTC,2016-12-21 16:05:33 UTC
149,20161842,Under the Sun,태양 아래,2016-04-27,체코,91,919,0,1036,34274,11987,33645.3938616,180.682354730959,http://movie.naver.com/movie/bi/mi/photoViewPopup.nhn?movieCode=146488,2016-12-21 16:05:33 UTC,2016-12-21 16:05:33 UTC
264,20157624,The Deep Blue Sea,더 딥 블루 씨,2015-04-23,영국,38,836,0,309,3388,4280,-3465.8582508,180.977996514019,http://movie.naver.com/movie/bi/mi/photoViewPopup.nhn?movieCode=82254,2016-12-21 16:05:33 UTC,2016-12-21 16:05:33 UTC
79,20156904,When Marnie Was There,추억의 마니,2015-03-19,일본,220,1061,1,1263,20536,27162,76338.5174504,181.048956079817,http://movie.naver.com/movie/bi/mi/photoViewPopup.nhn?movieCode=127858,2016-12-21 16:05:33 UTC,2016-12-21 16:05:33 UTC
212,20134601,Detachment,디태치먼트,2014-05-08,미국,41,702,0,221,809,6803,-5590.0856334,182.170889804498,http://movie.naver.com/movie/bi/mi/photoViewPopup.nhn?movieCode=82239,2016-12-21 16:05:33 UTC,2016-12-21 16:05:33 UTC
246,19648012,A Hard Day's Night,비틀즈: 하드 데이즈 나이트,2016-05-05,영국,41,839,0,307,902,4831,-4039.8014812,183.622469078866,http://movie.naver.com/movie/bi/mi/photoViewPopup.nhn?movieCode=10979,2016-12-21 16:05:33 UTC,2016-12-21 16:05:33 UTC
242,20152279,Marie's story,마리 이야기: 손끝의 기적,2015-08-20,프랑스,39,1056,0,177,2139,4855,-4088.8633914,184.21963730999,http://movie.naver.com/movie/bi/mi/photoViewPopup.nhn?movieCode=128486,2016-12-21 16:05:33 UTC,2016-12-21 16:05:33 UTC
194,20150661,Bienvenue Chez Les Ch'tis,"알로, 슈티",2015-07-02,프랑스,32,916,0,192,1897,7719,-6504.1880242,184.262054983806,http://movie.naver.com/movie/bi/mi/photoViewPopup.nhn?movieCode=47321,2016-12-21 16:05:33 UTC,2016-12-21 16:05:33 UTC
61,20161870,Trumbo,트럼보,2016-04-07,미국,299,7050,0,1405,12327,37554,107441.7461318,186.099339968579,http://movie.naver.com/movie/bi/mi/photoViewPopup.nhn?movieCode=130983,2016-12-21 16:05:32 UTC,2016-12-21 16:05:32 UTC
258,20142142,Our Family,이별까지 7일,2015-01-15,일본,41,1044,0,274,35,4431,-3822.735195,186.272516249154,http://movie.naver.com/movie/bi/mi/photoViewPopup.nhn?movieCode=107781,2016-12-21 16:05:33 UTC,2016-12-21 16:05:33 UTC
249,20138607,My Sweet Orange Tree,나의 라임 오렌지 나무,2014-05-29,브라질,46,483,0,737,26798,4667,13397.0097932,187.058277120206,http://movie.naver.com/movie/bi/mi/photoViewPopup.nhn?movieCode=105783,2016-12-21 16:05:33 UTC,2016-12-21 16:05:33 UTC
284,20141783,Maps To The Stars,맵 투 더 스타,2014-12-25,캐나다,28,1330,0,216,5892,3596,-3136.9997152,187.235809655172,http://movie.naver.com/movie/bi/mi/photoViewPopup.nhn?movieCode=67514,2016-12-21 16:05:33 UTC,2016-12-21 16:05:33 UTC
218,20168446,Un Plus Une,사랑이 이끄는 대로,2016-09-01,프랑스,44,531,0,183,1173,6366,-5847.0224938,191.847667197612,http://movie.naver.com/movie/bi/mi/photoViewPopup.nhn?movieCode=140666,2016-12-21 16:05:33 UTC,2016-12-21 16:05:33 UTC
181,20157781,The Woman in Black 2: Angel of Death,우먼 인 블랙: 죽음의 천사,2015-09-10,영국,138,437,0,479,12061,8729,25863.0999694,196.289379876274,http://movie.naver.com/movie/bi/mi/photoViewPopup.nhn?movieCode=130914,2016-12-21 16:05:33 UTC,2016-12-21 16:05:33 UTC
298,20153503,Citizenfour,시티즌포,2015-11-19,미국,34,651,0,262,8673,3111,-3017.1970958,196.984798964963,http://movie.naver.com/movie/bi/mi/photoViewPopup.nhn?movieCode=129069,2016-12-21 16:05:33 UTC,2016-12-21 16:05:33 UTC
202,20166362,A Bigger Splash,비거 스플래쉬,2016-08-03,이탈리아,19,984,0,316,3751,7280,-7238.4065166,199.428660942308,http://movie.naver.com/movie/bi/mi/photoViewPopup.nhn?movieCode=129045,2016-12-21 16:05:33 UTC,2016-12-21 16:05:33 UTC
162,20153182,Before I Wake,썸니아,2016-05-25,미국,170,644,0,639,3301,10475,31777.9105194,203.369074170883,http://movie.naver.com/movie/bi/mi/photoViewPopup.nhn?movieCode=136878,2016-12-21 16:05:33 UTC,2016-12-21 16:05:33 UTC
233,20143921,The New Girlfriend,나의 사적인 여자친구,2015-01-08,프랑스,32,1014,0,186,2550,5393,-5738.93383,206.414497125904,http://movie.naver.com/movie/bi/mi/photoViewPopup.nhn?movieCode=129671,2016-12-21 16:05:33 UTC,2016-12-21 16:05:33 UTC
234,20142241,The Tribe,트라이브,2015-01-29,우크라이나,28,123,0,345,10001,5214,-5577.0931306,206.963811480629,http://movie.naver.com/movie/bi/mi/photoViewPopup.nhn?movieCode=127247,2016-12-21 16:05:33 UTC,2016-12-21 16:05:33 UTC
272,20156969,Strangerland,스트레인저랜드,2015-08-06,호주,32,598,0,362,4614,4036,-4959.9197724,222.891966610505,http://movie.naver.com/movie/bi/mi/photoViewPopup.nhn?movieCode=114262,2016-12-21 16:05:33 UTC,2016-12-21 16:05:33 UTC
251,20158889,Macadam Stories,마카담 스토리,2015-12-24,프랑스,29,1122,0,178,2887,4615,-5862.6847742,227.035423059588,http://movie.naver.com/movie/bi/mi/photoViewPopup.nhn?movieCode=139488,2016-12-21 16:05:33 UTC,2016-12-21 16:05:33 UTC
296,20140163,The Two Faces of January,1월의 두 얼굴,2014-09-11,영국,45,1108,0,95,180,3133,-4170.248282,233.107190616023,http://movie.naver.com/movie/bi/mi/photoViewPopup.nhn?movieCode=100026,2016-12-21 16:05:33 UTC,2016-12-21 16:05:33 UTC
271,20158884,Queen Of The Desert,퀸 오브 데저트,2016-04-07,미국,46,266,0,258,1868,4064,-5539.5219608,236.307134862205,http://movie.naver.com/movie/bi/mi/photoViewPopup.nhn?movieCode=99092,2016-12-21 16:05:33 UTC,2016-12-21 16:05:33 UTC
211,20144642,Mr.Turner,미스터 터너,2015-01-22,영국,27,689,0,197,569,6823,-9515.9769234,239.469103376814,http://movie.naver.com/movie/bi/mi/photoViewPopup.nhn?movieCode=124842,2016-12-21 16:05:33 UTC,2016-12-21 16:05:33 UTC
199,20159521,Ride,라이드 : 나에게로의 여행,2015-07-16,미국,29,151,0,282,1224,7496,-10461.0040524,239.554483089648,http://movie.naver.com/movie/bi/mi/photoViewPopup.nhn?movieCode=125422,2016-12-21 16:05:33 UTC,2016-12-21 16:05:33 UTC
229,20141206,Jimmy's Hall,지미스 홀,2014-10-09,영국,34,520,0,192,1930,5666,-7913.105714,239.659472537946,http://movie.naver.com/movie/bi/mi/photoViewPopup.nhn?movieCode=118337,2016-12-21 16:05:33 UTC,2016-12-21 16:05:33 UTC
281,20151226,MON ROI,몽 루아,2016-05-26,프랑스,41,959,0,170,283,3632,-5113.6208898,240.793526701542,http://movie.naver.com/movie/bi/mi/photoViewPopup.nhn?movieCode=139436,2016-12-21 16:05:33 UTC,2016-12-21 16:05:33 UTC
265,20155276,The Program,챔피언 프로그램,2015-10-28,영국,85,1581,0,763,205,4272,14631.919635,242.507482092697,http://movie.naver.com/movie/bi/mi/photoViewPopup.nhn?movieCode=119410,2016-12-21 16:05:33 UTC,2016-12-21 16:05:33 UTC
276,20159428,The Wait,당신을 기다리는 시간,2016-01-28,이탈리아,29,1051,0,311,1452,3925,-5679.5886792,244.70289628535,http://movie.naver.com/movie/bi/mi/photoViewPopup.nhn?movieCode=143543,2016-12-21 16:05:33 UTC,2016-12-21 16:05:33 UTC
129,20151302,Moomins on the Riviera,무민 더 무비,2015-08-13,핀란드,158,1850,1,894,985,14567,50708.660187,248.106406171483,http://movie.naver.com/movie/bi/mi/photoViewPopup.nhn?movieCode=131099,2016-12-21 16:05:33 UTC,2016-12-21 16:05:33 UTC
288,20166909,The Lovers and the Despot,연인과 독재자,2016-09-22,영국,76,2422,0,300,923,3449,12361.6894722,258.41372781096,http://movie.naver.com/movie/bi/mi/photoViewPopup.nhn?movieCode=146193,2016-12-21 16:05:33 UTC,2016-12-21 16:05:33 UTC
184,20156083,Twinsters,트윈스터즈,2016-03-03,미국,118,2389,0,1105,1364,8442,30752.1384456,264.275508713575,http://movie.naver.com/movie/bi/mi/photoViewPopup.nhn?movieCode=137358,2016-12-21 16:05:33 UTC,2016-12-21 16:05:33 UTC
278,20157602,3 Hearts,나쁜 사랑,2015-04-16,프랑스,32,443,0,225,5058,3828,-6807.5038268,277.834478234065,http://movie.naver.com/movie/bi/mi/photoViewPopup.nhn?movieCode=107934,2016-12-21 16:05:33 UTC,2016-12-21 16:05:33 UTC
208,20162101,Blind Date,최악의 이웃과 사랑에 빠지는 방법,2016-04-07,프랑스,117,3157,0,321,1202,6978,26546.7766028,280.435319615936,http://movie.naver.com/movie/bi/mi/photoViewPopup.nhn?movieCode=137880,2016-12-21 16:05:33 UTC,2016-12-21 16:05:33 UTC
239,20161821,The Benefactor,뷰티풀 프래니,2016-03-17,미국,141,560,0,230,1029,4919,18940.2557486,285.042808469201,http://movie.naver.com/movie/bi/mi/photoViewPopup.nhn?movieCode=114263,2016-12-21 16:05:33 UTC,2016-12-21 16:05:33 UTC
290,20156732,Force Majeure,포스 마쥬어: 화이트 베케이션,2015-03-12,스웨덴,33,751,0,182,3003,3399,-6566.7540338,293.196647066784,http://movie.naver.com/movie/bi/mi/photoViewPopup.nhn?movieCode=124803,2016-12-21 16:05:33 UTC,2016-12-21 16:05:33 UTC
266,20143941,Paris Follies,파리 폴리,2015-02-26,프랑스,22,1087,0,138,2050,4257,-8616.54968,302.408965938454,http://movie.naver.com/movie/bi/mi/photoViewPopup.nhn?movieCode=123691,2016-12-21 16:05:33 UTC,2016-12-21 16:05:33 UTC
150,20145402,Yellowbird,옐로우버드,2015-02-18,프랑스,127,4385,1,245,3154,11876,50142.7445036,322.219135261031,http://movie.naver.com/movie/bi/mi/photoViewPopup.nhn?movieCode=131100,2016-12-21 16:05:33 UTC,2016-12-21 16:05:33 UTC
222,20168201,League of Gods,봉신연의: 영웅의 귀환,2016-09-22,홍콩,146,154,0,436,12384,6171,26241.8020056,325.243915177443,http://movie.naver.com/movie/bi/mi/photoViewPopup.nhn?movieCode=146316,2016-12-21 16:05:33 UTC,2016-12-21 16:05:33 UTC
287,20163045,A Stitch of Life,미나미 양장점의 비밀,2016-05-19,일본,34,427,0,238,2199,3452,-7776.5434234,325.276460701043,http://movie.naver.com/movie/bi/mi/photoViewPopup.nhn?movieCode=132664,2016-12-21 16:05:33 UTC,2016-12-21 16:05:33 UTC
248,20140401,Tamako Love Story,타마코 러브 스토리,2014-09-25,일본,25,832,1,1062,12932,4675,20454.3735168,337.526706241711,http://movie.naver.com/movie/bi/mi/photoViewPopup.nhn?movieCode=123433,2016-12-21 16:05:33 UTC,2016-12-21 16:05:33 UTC
289,20149421,The Zero Theorem,제로법칙의 비밀,2014-08-14,미국,17,671,0,261,6422,3425,-8377.4097412,344.595904852555,http://movie.naver.com/movie/bi/mi/photoViewPopup.nhn?movieCode=100985,2016-12-21 16:05:33 UTC,2016-12-21 16:05:33 UTC
282,20151901,Dior and I,디올 앤 아이,2015-08-06,프랑스,21,870,0,254,1674,3612,-8996.7760404,349.080178305648,http://movie.naver.com/movie/bi/mi/photoViewPopup.nhn?movieCode=122629,2016-12-21 16:05:33 UTC,2016-12-21 16:05:33 UTC
299,20153981,Kahlil Gibran's The Prophet,칼릴 지브란의 예언자,2015-09-10,미국,37,1766,1,188,2436,3101,13950.1648704,349.86020220574,http://movie.naver.com/movie/bi/mi/photoViewPopup.nhn?movieCode=129064,2016-12-21 16:05:33 UTC,2016-12-21 16:05:33 UTC
106,20157021,The Finishers,"땡큐, 대디",2015-04-23,프랑스,234,9061,0,731,5395,20167,90746.768277,349.976537298557,http://movie.naver.com/movie/bi/mi/photoViewPopup.nhn?movieCode=114593,2016-12-21 16:05:33 UTC,2016-12-21 16:05:33 UTC
257,20149284,A Thousand Times Good Night,천번의 굿나잇,2014-07-03,노르웨이,22,477,0,245,862,4449,-11177.1362652,351.228057208361,http://movie.naver.com/movie/bi/mi/photoViewPopup.nhn?movieCode=103273,2016-12-21 16:05:33 UTC,2016-12-21 16:05:33 UTC
295,20155386,Dheepan,디판,2015-10-22,프랑스,29,1059,0,112,651,3150,-7996.4603146,353.855883003175,http://movie.naver.com/movie/bi/mi/photoViewPopup.nhn?movieCode=138502,2016-12-21 16:05:33 UTC,2016-12-21 16:05:33 UTC
241,20152962,Mia madre,나의 어머니,2015-08-20,이탈리아,30,32,0,129,706,4895,-12549.1405976,356.366508633299,http://movie.naver.com/movie/bi/mi/photoViewPopup.nhn?movieCode=118943,2016-12-21 16:05:33 UTC,2016-12-21 16:05:33 UTC
161,20140186,Pee Mak,피막,2014-09-25,태국,170,4084,0,622,3077,10495,48231.7491838,359.568834528823,http://movie.naver.com/movie/bi/mi/photoViewPopup.nhn?movieCode=113973,2016-12-21 16:05:33 UTC,2016-12-21 16:05:33 UTC
286,20158283,Madame Bovary,마담 보바리,2015-12-10,미국,18,326,0,436,4509,3468,-9123.5922754,363.079362035755,http://movie.naver.com/movie/bi/mi/photoViewPopup.nhn?movieCode=94117,2016-12-21 16:05:33 UTC,2016-12-21 16:05:33 UTC
191,20155249,Song of the Sea,바다의 노래: 벤과 셀키요정의 비밀,2016-01-14,아일랜드,117,1091,1,928,1604,7856,37417.0696116,376.286527642566,http://movie.naver.com/movie/bi/mi/photoViewPopup.nhn?movieCode=129911,2016-12-21 16:05:33 UTC,2016-12-21 16:05:33 UTC
255,20148681,Before the Winter Chill,차가운 장미,2014-05-29,프랑스,20,665,0,99,351,4480,-12450.4214486,377.911193049107,http://movie.naver.com/movie/bi/mi/photoViewPopup.nhn?movieCode=107382,2016-12-21 16:05:33 UTC,2016-12-21 16:05:33 UTC
283,20143261,Funf Freunde 3,해적왕의 황금나침반,2014-11-27,독일,27,576,0,97,2092,3602,-10227.4808812,383.938947284842,http://movie.naver.com/movie/bi/mi/photoViewPopup.nhn?movieCode=125708,2016-12-21 16:05:33 UTC,2016-12-21 16:05:33 UTC
267,20151962,Boulevard,블러바드,2015-08-13,미국,13,599,0,309,1229,4225,-12019.3652354,384.482017405917,http://movie.naver.com/movie/bi/mi/photoViewPopup.nhn?movieCode=122615,2016-12-21 16:05:33 UTC,2016-12-21 16:05:33 UTC
187,20149397,Walking on Sunshine,할리데이,2014-10-16,영국,147,4262,0,282,4002,8304,40536.3897548,388.154982596339,http://movie.naver.com/movie/bi/mi/photoViewPopup.nhn?movieCode=103330,2016-12-21 16:05:33 UTC,2016-12-21 16:05:33 UTC
269,20158518,Little Forest: Winter & Spring,리틀 포레스트 2: 겨울과 봄,2015-05-14,일본,33,489,0,455,51909,4104,20767.9065486,406.040607909357,http://movie.naver.com/movie/bi/mi/photoViewPopup.nhn?movieCode=137347,2016-12-21 16:05:33 UTC,2016-12-21 16:05:33 UTC
220,20159965,Yowamushi Pedal the Movie,겁쟁이 페달: 더 무비,2016-01-14,일본,52,679,1,1210,20334,6197,31829.6207336,413.62950998225,http://movie.naver.com/movie/bi/mi/photoViewPopup.nhn?movieCode=143335,2016-12-21 16:05:33 UTC,2016-12-21 16:05:33 UTC
291,20147723,Twice Born,투와이스 본,2014-10-30,이탈리아,30,328,0,144,1349,3380,-10622.0739994,414.262544360947,http://movie.naver.com/movie/bi/mi/photoViewPopup.nhn?movieCode=98279,2016-12-21 16:05:33 UTC,2016-12-21 16:05:33 UTC
294,20154484,Our Last Tango,라스트 탱고,2015-12-31,독일,19,775,0,153,239,3222,-11700.9490614,463.157947281192,http://movie.naver.com/movie/bi/mi/photoViewPopup.nhn?movieCode=143639,2016-12-21 16:05:33 UTC,2016-12-21 16:05:33 UTC
270,20144881,Journey to the West: Conquering the Demons,서유기 : 모험의 시작,2015-02-05,중국,68,1575,0,1436,12113,4103,23200.0837962,465.441964323666,http://movie.naver.com/movie/bi/mi/photoViewPopup.nhn?movieCode=103545,2016-12-21 16:05:33 UTC,2016-12-21 16:05:33 UTC
279,20140426,Vijay and I,나의 첫번째 장례식,2014-09-11,벨기에,17,126,0,173,365,3754,-15098.152911,502.188409989345,http://movie.naver.com/movie/bi/mi/photoViewPopup.nhn?movieCode=113027,2016-12-21 16:05:33 UTC,2016-12-21 16:05:33 UTC
